{
  "images" : [
    {
      "size" : "16x16",
      "idiom" : "mac",
      "filename" : "Sequence.png",
      "scale" : "1x"
    },
    {
      "size" : "16x16",
      "idiom" : "mac",
      "filename" : "Sequence-1.png",
      "scale" : "2x"
    },
    {
      "size" : "32x32",
      "idiom" : "mac",
      "filename" : "Sequence-8.png",
      "scale" : "1x"
    },
    {
      "size" : "32x32",
      "idiom" : "mac",
      "filename" : "Sequence-9.png",
      "scale" : "2x"
    },
    {
      "size" : "128x128",
      "idiom" : "mac",
      "filename" : "Sequence-2.png",
      "scale" : "1x"
    },
    {
      "size" : "128x128",
      "idiom" : "mac",
      "filename" : "Sequence-3.png",
      "scale" : "2x"
    },
    {
      "size" : "256x256",
      "idiom" : "mac",
      "filename" : "Sequence-6.png",
      "scale" : "1x"
    },
    {
      "size" : "256x256",
      "idiom" : "mac",
      "filename" : "Sequence-7.png",
      "scale" : "2x"
    },
    {
      "size" : "512x512",
      "idiom" : "mac",
      "filename" : "Sequence-4.png",
      "scale" : "1x"
    },
    {
      "size" : "512x512",
      "idiom" : "mac",
      "filename" : "Sequence-5.png",
      "scale" : "2x"
    }
  ],
  "info" : {
    "version" : 1,
    "author" : "xcode"
  }
}